3.394068150000e-01,8.431766360000e-01,4.727014710000e-01,1.000000000000e+00
2.125876460000e-01,3.511749010000e-01,8.105669500000e-01,2.000000000000e+00
6.056499930000e-01,4.533809700000e-01,6.233706680000e-01,3.000000000000e+00
2.697835390000e-01,4.820318830000e-01,3.653586100000e-01,1.000000000000e+00
7.252542820000e-01,4.771130420000e-01,4.210026800000e-02,4.000000000000e+00
5.292879010000e-01,7.760085870000e-01,3.038099280000e-01,4.000000000000e+00
9.877821700000e-02,3.184547870000e-01,9.834228570000e-01,2.000000000000e+00
6.853454530000e-01,8.379427680000e-01,5.404066730000e-01,4.000000000000e+00
5.032209720000e-01,2.688136290000e-01,4.148850100000e-01,0.000000000000e+00
1.601476260000e-01,2.550478930000e-01,4.072469000000e-02,0.000000000000e+00
5.645351970000e-01,9.434354620000e-01,5.970708120000e-01,3.000000000000e+00
6.638428640000e-01,2.769721850000e-01,2.208704000000e-02,0.000000000000e+00
7.732140100000e-02,3.236688100000e-02,8.267846040000e-01,2.000000000000e+00
7.942205190000e-01,3.195822180000e-01,2.660254330000e-01,0.000000000000e+00
4.668159530000e-01,8.646837320000e-01,6.843809760000e-01,3.000000000000e+00
6.809624990000e-01,9.554527000000e-03,4.841768980000e-01,0.000000000000e+00
2.578623960000e-01,8.750687760000e-01,3.262539460000e-01,1.000000000000e+00
6.955037780000e-01,6.950956040000e-01,9.555860380000e-01,3.000000000000e+00
5.692050070000e-01,6.627864970000e-01,3.648917700000e-02,4.000000000000e+00
6.045429170000e-01,2.507140550000e-01,2.328261650000e-01,0.000000000000e+00
9.281750280000e-01,8.717699230000e-01,3.271070270000e-01,4.000000000000e+00
3.628098060000e-01,2.708468330000e-01,9.175351060000e-01,2.000000000000e+00
5.674719880000e-01,9.223176000000e-02,1.823259500000e-02,0.000000000000e+00
3.029400000000e-01,1.973310830000e-01,6.760679840000e-01,2.000000000000e+00
1.364974360000e-01,9.910790280000e-01,6.409063590000e-01,1.000000000000e+00
4.901916420000e-01,3.218775350000e-01,2.101214750000e-01,0.000000000000e+00
8.862406930000e-01,1.248118440000e-01,1.096381080000e-01,0.000000000000e+00
4.875378070000e-01,4.742899990000e-01,3.418308900000e-01,0.000000000000e+00
3.869826800000e-02,5.158650870000e-01,9.842972540000e-01,2.000000000000e+00
4.373092220000e-01,5.344891720000e-01,7.926654190000e-01,3.000000000000e+00
8.980993950000e-01,4.611211970000e-01,7.852256620000e-01,3.000000000000e+00
2.568509270000e-01,8.404468060000e-01,5.615868400000e-02,1.000000000000e+00
3.354080630000e-01,8.066371610000e-01,9.135513880000e-01,3.000000000000e+00
1.132987200000e-01,6.703928470000e-01,3.333612740000e-01,1.000000000000e+00
9.544038470000e-01,2.410450900000e-02,3.255784930000e-01,0.000000000000e+00
8.241523320000e-01,6.143554330000e-01,2.719310130000e-01,4.000000000000e+00
7.296475470000e-01,6.660930530000e-01,5.797231840000e-01,3.000000000000e+00
2.567502900000e-01,9.403726300000e-01,5.305532240000e-01,1.000000000000e+00
7.998779630000e-01,5.556663510000e-01,5.660694500000e-02,4.000000000000e+00
2.131206930000e-01,7.630462240000e-01,3.419263610000e-01,1.000000000000e+00
9.758737140000e-01,5.547964830000e-01,4.948921800000e-02,4.000000000000e+00
4.227823210000e-01,3.755025020000e-01,8.755141760000e-01,2.000000000000e+00
7.324741220000e-01,9.201810040000e-01,2.738957230000e-01,4.000000000000e+00
2.880701850000e-01,8.780653030000e-01,5.701762900000e-01,1.000000000000e+00
2.697062390000e-01,8.546265160000e-01,6.077099750000e-01,1.000000000000e+00
6.151186380000e-01,6.748605000000e-03,2.782430000000e-03,0.000000000000e+00
6.553736080000e-01,3.480298690000e-01,9.095023190000e-01,2.000000000000e+00
3.582878140000e-01,4.193224550000e-01,3.627419820000e-01,0.000000000000e+00
1.524738420000e-01,6.594599390000e-01,4.972845710000e-01,1.000000000000e+00
9.307916580000e-01,9.341320130000e-01,1.509242360000e-01,4.000000000000e+00
7.929775460000e-01,9.532033880000e-01,4.658844310000e-01,4.000000000000e+00
9.719538270000e-01,2.687517290000e-01,2.204742770000e-01,0.000000000000e+00
2.447307470000e-01,5.663675300000e-02,8.864976600000e-02,0.000000000000e+00
8.735543510000e-01,3.056494420000e-01,9.179004400000e-01,3.000000000000e+00
2.666247800000e-01,2.216467620000e-01,3.108571570000e-01,0.000000000000e+00
6.595415370000e-01,9.301838400000e-01,1.393392750000e-01,4.000000000000e+00
8.336167420000e-01,8.337344130000e-01,5.510278560000e-01,3.000000000000e+00
4.340519500000e-01,8.745820650000e-01,9.964435410000e-01,3.000000000000e+00
4.428963360000e-01,1.189772750000e-01,3.127628000000e-02,0.000000000000e+00
3.888865410000e-01,9.760709270000e-01,2.948014810000e-01,1.000000000000e+00
1.475779400000e-01,1.959448540000e-01,1.297785020000e-01,0.000000000000e+00
7.320929100000e-01,5.516859310000e-01,2.188663460000e-01,4.000000000000e+00
8.539357200000e-01,6.757337620000e-01,5.017761140000e-01,4.000000000000e+00
8.042915050000e-01,7.467864740000e-01,9.405373300000e-01,3.000000000000e+00
1.999983620000e-01,4.034711020000e-01,6.147839560000e-01,2.000000000000e+00
3.020292440000e-01,8.483117400000e-02,4.349042200000e-02,0.000000000000e+00
4.583711150000e-01,7.606861300000e-02,9.404186650000e-01,2.000000000000e+00
1.222870890000e-01,8.672705780000e-01,6.120013520000e-01,1.000000000000e+00
4.233314740000e-01,3.706293890000e-01,4.074805740000e-01,0.000000000000e+00
4.000569690000e-01,9.195236090000e-01,9.405216690000e-01,3.000000000000e+00
7.485281300000e-01,8.724005630000e-01,9.154236350000e-01,3.000000000000e+00
6.149343260000e-01,6.762172400000e-01,3.822782460000e-01,4.000000000000e+00
1.845220000000e-02,5.458253520000e-01,7.412713800000e-01,1.000000000000e+00
9.374538550000e-01,1.756622010000e-01,6.663018960000e-01,2.000000000000e+00
5.043588180000e-01,2.513089450000e-01,8.491596770000e-01,2.000000000000e+00
3.974101070000e-01,9.730001610000e-01,6.486013320000e-01,1.000000000000e+00
3.983422170000e-01,1.106989750000e-01,9.169685960000e-01,2.000000000000e+00
4.649802390000e-01,6.831240110000e-01,7.063336200000e-02,4.000000000000e+00
7.870308740000e-01,3.937773810000e-01,7.319730490000e-01,3.000000000000e+00
6.128455120000e-01,8.934404160000e-01,4.753319950000e-01,4.000000000000e+00
2.412194070000e-01,7.922824170000e-01,3.895742770000e-01,1.000000000000e+00
4.657567980000e-01,5.526857160000e-01,9.209229900000e-02,4.000000000000e+00
9.080288820000e-01,8.375284460000e-01,7.941609480000e-01,3.000000000000e+00
5.527416740000e-01,8.986140810000e-01,7.643123650000e-01,3.000000000000e+00
6.071162530000e-01,9.586986210000e-01,3.348873260000e-01,4.000000000000e+00
3.225832460000e-01,5.413878610000e-01,8.798745550000e-01,2.000000000000e+00
1.245225580000e-01,2.290746420000e-01,5.102140960000e-01,2.000000000000e+00
4.990027300000e-02,4.713718670000e-01,3.676983950000e-01,1.000000000000e+00
2.616578630000e-01,1.052285710000e-01,7.481913490000e-01,2.000000000000e+00
2.168183240000e-01,7.008858040000e-01,3.447926900000e-01,1.000000000000e+00
8.963376590000e-01,6.345744680000e-01,2.035992170000e-01,4.000000000000e+00
9.611509890000e-01,9.205630110000e-01,7.959994770000e-01,3.000000000000e+00
1.206354470000e-01,7.445703760000e-01,1.071775720000e-01,1.000000000000e+00
6.964067430000e-01,7.883423150000e-01,1.736645580000e-01,4.000000000000e+00
5.777003290000e-01,4.931517320000e-01,9.892113950000e-01,3.000000000000e+00
2.703466830000e-01,5.867655850000e-01,2.088322690000e-01,1.000000000000e+00
1.714120970000e-01,1.166182510000e-01,5.314193300000e-01,2.000000000000e+00
5.962605320000e-01,8.199737350000e-01,5.315033730000e-01,4.000000000000e+00
1.206654670000e-01,5.563324660000e-01,6.432687460000e-01,1.000000000000e+00
5.467516460000e-01,5.638963740000e-01,7.985663300000e-02,4.000000000000e+00
6.371509330000e-01,1.265362130000e-01,8.237497240000e-01,2.000000000000e+00
6.379406490000e-01,9.515679170000e-01,3.977779750000e-01,4.000000000000e+00
3.447495980000e-01,5.170314690000e-01,4.829747300000e-01,1.000000000000e+00
2.965452240000e-01,4.199446020000e-01,9.998514600000e-01,2.000000000000e+00
7.079563430000e-01,9.859293060000e-01,9.424208110000e-01,3.000000000000e+00
2.473485200000e-01,1.808114000000e-03,4.895125450000e-01,2.000000000000e+00
2.939538800000e-01,7.519343380000e-01,9.248451670000e-01,3.000000000000e+00
3.063507650000e-01,6.768378840000e-01,6.143977580000e-01,1.000000000000e+00
3.870292570000e-01,6.688826440000e-01,3.168666080000e-01,1.000000000000e+00
1.667014750000e-01,2.202504650000e-01,7.078809600000e-01,2.000000000000e+00
6.663661340000e-01,3.432145790000e-01,6.380416600000e-02,0.000000000000e+00
9.706145770000e-01,5.144523470000e-01,6.432808720000e-01,3.000000000000e+00
8.429781100000e-02,9.061113190000e-01,5.904344340000e-01,1.000000000000e+00
1.633022170000e-01,2.262126340000e-01,7.475313200000e-02,0.000000000000e+00
2.020770500000e-01,1.978351790000e-01,2.179850260000e-01,0.000000000000e+00
4.132360660000e-01,6.401905110000e-01,5.206454480000e-01,1.000000000000e+00
8.079414590000e-01,4.639100440000e-01,9.967963670000e-01,3.000000000000e+00
2.088759060000e-01,1.824689540000e-01,8.768264430000e-01,2.000000000000e+00
7.434741850000e-01,8.404390190000e-01,1.436776710000e-01,4.000000000000e+00
2.667586930000e-01,1.037190050000e-01,9.209957890000e-01,2.000000000000e+00
3.060784900000e-02,9.731543920000e-01,8.140150830000e-01,1.000000000000e+00
2.377537140000e-01,3.743367320000e-01,4.413809100000e-01,1.000000000000e+00
8.321298400000e-01,5.472166040000e-01,3.716996470000e-01,4.000000000000e+00
3.024116660000e-01,5.805409900000e-01,3.031417580000e-01,1.000000000000e+00
9.492148710000e-01,7.837565420000e-01,4.575828380000e-01,4.000000000000e+00
3.277673900000e-01,1.330953840000e-01,3.511839440000e-01,0.000000000000e+00
6.734710650000e-01,4.320090280000e-01,7.616413030000e-01,3.000000000000e+00
1.203610220000e-01,4.944211010000e-01,9.546996160000e-01,2.000000000000e+00
4.997569400000e-02,8.574052420000e-01,1.337535720000e-01,1.000000000000e+00
3.143262450000e-01,5.997842380000e-01,6.989316980000e-01,1.000000000000e+00
1.097258200000e-01,9.947338880000e-01,6.033654090000e-01,1.000000000000e+00
2.469398250000e-01,7.938532300000e-01,5.760493730000e-01,1.000000000000e+00
4.209492690000e-01,5.582409100000e-01,6.847300160000e-01,3.000000000000e+00
8.590363500000e-02,6.787762880000e-01,7.595335450000e-01,1.000000000000e+00
2.219029710000e-01,6.066831480000e-01,1.836257820000e-01,1.000000000000e+00
9.345820030000e-01,2.631064560000e-01,1.952286370000e-01,0.000000000000e+00
2.765506530000e-01,5.634550120000e-01,4.771302560000e-01,1.000000000000e+00
9.398654010000e-01,6.835431720000e-01,9.869454100000e-01,3.000000000000e+00
9.071411900000e-02,1.553920840000e-01,1.832255760000e-01,0.000000000000e+00
5.461700020000e-01,2.260656580000e-01,7.575188730000e-01,2.000000000000e+00
6.357254910000e-01,2.596569770000e-01,8.032547960000e-01,2.000000000000e+00
7.681355320000e-01,3.296871130000e-01,7.844716730000e-01,3.000000000000e+00
6.720159400000e-01,6.931480400000e-01,2.162928840000e-01,4.000000000000e+00
7.313886230000e-01,6.326488120000e-01,2.984651130000e-01,4.000000000000e+00
3.010418800000e-02,5.312796260000e-01,6.860578900000e-01,1.000000000000e+00
4.049079650000e-01,6.177070540000e-01,6.469856330000e-01,1.000000000000e+00
3.826421300000e-01,5.220449470000e-01,6.060663080000e-01,1.000000000000e+00
8.507785030000e-01,7.710725380000e-01,7.800389250000e-01,3.000000000000e+00
3.333869450000e-01,6.298165100000e-01,8.385398880000e-01,3.000000000000e+00
1.445262610000e-01,9.072335800000e-01,6.720929240000e-01,1.000000000000e+00
8.031931490000e-01,5.456985860000e-01,7.402507040000e-01,3.000000000000e+00
1.447754210000e-01,7.306564900000e-02,8.132772300000e-01,2.000000000000e+00
8.001506260000e-01,7.794711700000e-02,4.989891310000e-01,0.000000000000e+00
8.053558580000e-01,2.822748550000e-01,1.115204060000e-01,0.000000000000e+00
4.322763450000e-01,6.140697820000e-01,4.562788000000e-02,4.000000000000e+00
1.197403170000e-01,1.227889480000e-01,6.846110800000e-01,2.000000000000e+00
1.885963780000e-01,6.661332860000e-01,7.536452040000e-01,1.000000000000e+00
1.430505220000e-01,3.939029860000e-01,6.096331170000e-01,1.000000000000e+00
7.544018560000e-01,8.417203500000e-01,3.877862560000e-01,4.000000000000e+00
9.754957500000e-01,9.704436400000e-01,6.214829280000e-01,3.000000000000e+00
7.350984730000e-01,9.673867300000e-01,2.390860210000e-01,4.000000000000e+00
8.250906490000e-01,1.536876530000e-01,5.201111320000e-01,0.000000000000e+00
7.208485460000e-01,2.113914990000e-01,5.134309090000e-01,0.000000000000e+00
5.724117420000e-01,5.657998300000e-01,3.139330480000e-01,4.000000000000e+00
7.665849510000e-01,7.042640720000e-01,1.030885290000e-01,4.000000000000e+00
9.339149250000e-01,7.079579100000e-01,3.784348490000e-01,4.000000000000e+00
2.322663820000e-01,8.649686160000e-01,6.647694930000e-01,1.000000000000e+00
1.807483160000e-01,7.926333940000e-01,9.832366540000e-01,1.000000000000e+00
3.207442070000e-01,7.364679700000e-02,9.151484640000e-01,2.000000000000e+00
5.841528400000e-02,4.782440180000e-01,1.712135920000e-01,1.000000000000e+00
6.132744710000e-01,4.239492710000e-01,8.991981640000e-01,3.000000000000e+00
8.381858700000e-01,6.224576390000e-01,4.963688910000e-01,4.000000000000e+00
5.473693410000e-01,5.160996000000e-01,3.186847750000e-01,4.000000000000e+00
4.890793480000e-01,5.048400660000e-01,1.748653710000e-01,0.000000000000e+00
1.335103660000e-01,8.739386180000e-01,9.534218100000e-01,1.000000000000e+00
3.554779840000e-01,6.103589070000e-01,3.224222400000e-01,1.000000000000e+00
3.216735500000e-01,1.329618020000e-01,3.814407020000e-01,0.000000000000e+00
6.602579810000e-01,5.938600300000e-01,5.707040790000e-01,3.000000000000e+00
5.197994860000e-01,2.206763360000e-01,8.545296500000e-01,2.000000000000e+00
9.712544600000e-02,3.783777400000e-02,5.815791530000e-01,2.000000000000e+00
8.014859090000e-01,7.415478480000e-01,6.310355000000e-02,4.000000000000e+00
4.131422470000e-01,3.031029460000e-01,3.022460900000e-01,0.000000000000e+00
7.746447000000e-02,5.558463160000e-01,7.501066890000e-01,1.000000000000e+00
5.937600970000e-01,2.566317530000e-01,1.790353770000e-01,0.000000000000e+00
8.190004450000e-01,8.657897700000e-01,7.971673790000e-01,3.000000000000e+00
6.440526630000e-01,1.483358770000e-01,3.770676920000e-01,0.000000000000e+00
2.037784000000e-02,8.354059970000e-01,1.924385660000e-01,1.000000000000e+00
2.485063140000e-01,9.512142150000e-01,4.929232580000e-01,1.000000000000e+00
3.874457520000e-01,8.626935090000e-01,1.198304700000e-01,4.000000000000e+00
4.114371230000e-01,5.128316920000e-01,5.163806520000e-01,1.000000000000e+00
4.811996940000e-01,9.707809920000e-01,5.655216660000e-01,1.000000000000e+00
9.679085640000e-01,1.687559850000e-01,4.475178330000e-01,0.000000000000e+00
2.806079620000e-01,6.705383650000e-01,5.480215870000e-01,1.000000000000e+00
4.020442130000e-01,1.215324950000e-01,1.367184480000e-01,0.000000000000e+00
8.369628600000e-01,7.395491540000e-01,4.952183290000e-01,4.000000000000e+00
6.522156160000e-01,6.648776510000e-01,8.382541980000e-01,3.000000000000e+00
8.462464080000e-01,4.116359060000e-01,9.660172200000e-01,3.000000000000e+00
3.598277330000e-01,6.274362250000e-01,6.662958820000e-01,1.000000000000e+00
5.223265730000e-01,4.965658120000e-01,4.040667840000e-01,0.000000000000e+00
6.144061140000e-01,1.600720220000e-01,2.694393050000e-01,0.000000000000e+00
2.217229540000e-01,5.587360630000e-01,8.906999470000e-01,2.000000000000e+00
5.617770870000e-01,7.822706470000e-01,7.923451940000e-01,3.000000000000e+00
3.856985060000e-01,2.959648730000e-01,6.976132230000e-01,2.000000000000e+00
1.011629680000e-01,2.760037800000e-01,2.397988720000e-01,0.000000000000e+00
7.512748600000e-02,1.416357900000e-01,7.281681030000e-01,2.000000000000e+00
9.824408420000e-01,5.831091510000e-01,3.950729170000e-01,4.000000000000e+00
6.962806700000e-01,2.664259900000e-01,2.838667130000e-01,0.000000000000e+00
7.309326100000e-02,9.143324180000e-01,9.255546240000e-01,1.000000000000e+00
1.642578000000e-02,9.278838340000e-01,2.487126850000e-01,1.000000000000e+00
1.163672400000e-01,5.560678160000e-01,2.482820850000e-01,1.000000000000e+00
4.874531510000e-01,5.868461700000e-02,2.946249570000e-01,0.000000000000e+00
8.137265510000e-01,8.609171810000e-01,6.781494910000e-01,3.000000000000e+00
4.925815450000e-01,5.018038130000e-01,1.930324290000e-01,0.000000000000e+00
6.427667950000e-01,4.224218020000e-01,9.504589870000e-01,3.000000000000e+00
6.625191750000e-01,9.504480710000e-01,1.571264320000e-01,4.000000000000e+00
5.488156990000e-01,1.279056540000e-01,2.333774100000e-01,0.000000000000e+00
1.591635160000e-01,3.450593220000e-01,5.867045420000e-01,2.000000000000e+00
4.002911200000e-01,9.285638820000e-01,9.544764760000e-01,3.000000000000e+00
5.872013960000e-01,4.435776900000e-01,7.979266320000e-01,3.000000000000e+00
2.682762400000e-02,2.062816210000e-01,6.802204620000e-01,2.000000000000e+00
8.842171640000e-01,2.667546660000e-01,6.521975820000e-01,3.000000000000e+00
4.750192810000e-01,4.477328340000e-01,1.429907700000e-01,0.000000000000e+00
1.930763540000e-01,3.178928680000e-01,9.766218560000e-01,2.000000000000e+00
5.152089810000e-01,5.123312370000e-01,4.223515950000e-01,4.000000000000e+00
3.366718120000e-01,8.706062580000e-01,3.645541960000e-01,1.000000000000e+00
4.385966770000e-01,3.338368450000e-01,8.013887910000e-01,2.000000000000e+00
1.943894090000e-01,9.292456720000e-01,5.895458250000e-01,1.000000000000e+00
2.053775250000e-01,7.993874700000e-02,1.873634230000e-01,0.000000000000e+00
4.268149910000e-01,8.232248520000e-01,7.074350260000e-01,3.000000000000e+00
2.629729590000e-01,5.175457320000e-01,1.987263600000e-01,1.000000000000e+00
7.203544340000e-01,8.476492020000e-01,7.092464770000e-01,3.000000000000e+00
3.553061920000e-01,3.039430530000e-01,8.350512650000e-01,2.000000000000e+00
9.499754270000e-01,1.061344110000e-01,2.045160920000e-01,0.000000000000e+00
1.063744260000e-01,8.741292610000e-01,9.714392230000e-01,1.000000000000e+00
1.451782800000e-01,3.711478980000e-01,6.959541420000e-01,2.000000000000e+00
7.390997530000e-01,3.318887010000e-01,8.904137810000e-01,3.000000000000e+00
6.275512970000e-01,9.001009000000e-01,1.773245430000e-01,4.000000000000e+00
4.748893800000e-02,2.242891290000e-01,2.208229020000e-01,0.000000000000e+00
9.127851180000e-01,7.957039200000e-01,8.382424550000e-01,3.000000000000e+00
4.971729300000e-01,7.031764310000e-01,7.548835890000e-01,3.000000000000e+00
9.097609400000e-02,5.025307560000e-01,6.579998890000e-01,1.000000000000e+00
1.940424790000e-01,2.845616920000e-01,1.451616500000e-01,0.000000000000e+00
4.099606030000e-01,2.855645540000e-01,9.700181100000e-02,0.000000000000e+00
3.102056930000e-01,3.434942000000e-03,1.738233030000e-01,0.000000000000e+00
2.335830430000e-01,1.188224340000e-01,8.166655080000e-01,2.000000000000e+00
5.138432710000e-01,5.396406690000e-01,8.644052070000e-01,3.000000000000e+00
4.069264300000e-01,4.364634180000e-01,3.697984890000e-01,0.000000000000e+00
1.265440080000e-01,1.595808860000e-01,9.337144850000e-01,2.000000000000e+00
2.864413390000e-01,8.729746750000e-01,4.454198000000e-02,1.000000000000e+00
9.645656220000e-01,9.100274030000e-01,8.978617980000e-01,3.000000000000e+00
2.031217280000e-01,8.997142920000e-01,8.517374400000e-02,1.000000000000e+00
4.456398410000e-01,3.609993370000e-01,1.664513400000e-02,0.000000000000e+00
3.077939930000e-01,1.177500870000e-01,5.629673520000e-01,2.000000000000e+00
2.815875260000e-01,1.748345410000e-01,2.745813950000e-01,0.000000000000e+00
1.196607730000e-01,9.974007200000e-02,4.840162110000e-01,2.000000000000e+00
5.115835850000e-01,5.493821100000e-01,3.397664240000e-01,4.000000000000e+00
1.884516950000e-01,7.302229200000e-02,6.123739000000e-03,0.000000000000e+00
3.465862190000e-01,4.956724800000e-01,2.348264760000e-01,0.000000000000e+00
2.252424610000e-01,5.876413310000e-01,7.258058170000e-01,1.000000000000e+00
7.540961400000e-02,2.082664370000e-01,8.263773280000e-01,2.000000000000e+00
2.040760020000e-01,4.779427000000e-02,4.045782800000e-02,0.000000000000e+00
5.086190100000e-02,7.630433630000e-01,2.560733440000e-01,1.000000000000e+00
9.721506620000e-01,7.926780450000e-01,9.099550270000e-01,3.000000000000e+00
5.061156050000e-01,3.183752500000e-02,9.033404160000e-01,2.000000000000e+00
8.040101110000e-01,9.556859210000e-01,1.758969390000e-01,4.000000000000e+00
9.292698900000e-02,6.222328900000e-02,8.213082110000e-01,2.000000000000e+00
3.637159680000e-01,7.261014630000e-01,7.916898100000e-01,3.000000000000e+00
7.873818160000e-01,3.381028280000e-01,5.758252000000e-03,0.000000000000e+00
4.843316980000e-01,4.957654240000e-01,8.911801550000e-01,3.000000000000e+00
2.419824150000e-01,2.771297380000e-01,5.614770870000e-01,2.000000000000e+00
4.841612670000e-01,2.866651540000e-01,3.556541000000e-02,0.000000000000e+00
2.116000460000e-01,3.042926140000e-01,3.957895130000e-01,0.000000000000e+00
3.725249760000e-01,2.026116170000e-01,1.665959850000e-01,0.000000000000e+00
2.651247480000e-01,1.734560100000e-02,3.768619400000e-02,0.000000000000e+00
7.017867140000e-01,4.203348170000e-01,7.140004870000e-01,3.000000000000e+00
3.404846300000e-02,6.512905630000e-01,5.063471600000e-02,1.000000000000e+00
8.023313160000e-01,5.582977520000e-01,2.916795790000e-01,4.000000000000e+00
3.440370560000e-01,4.674776720000e-01,3.585046490000e-01,1.000000000000e+00
6.394635820000e-01,4.255075820000e-01,9.548173610000e-01,3.000000000000e+00
6.028851380000e-01,3.747519220000e-01,3.746071670000e-01,0.000000000000e+00
9.936373850000e-01,9.552123010000e-01,1.655034300000e-01,4.000000000000e+00
9.556690080000e-01,7.457239930000e-01,8.897867520000e-01,3.000000000000e+00
3.653373480000e-01,1.968249100000e-01,5.062348660000e-01,2.000000000000e+00
7.457291000000e-01,5.183162700000e-01,9.788180870000e-01,3.000000000000e+00
9.262528900000e-01,6.315849970000e-01,4.431288940000e-01,4.000000000000e+00
7.861687140000e-01,2.649931950000e-01,2.639603820000e-01,0.000000000000e+00
3.166815910000e-01,6.107976800000e-01,8.934924700000e-02,1.000000000000e+00
8.583710240000e-01,8.349697630000e-01,1.748192130000e-01,4.000000000000e+00
5.253934870000e-01,2.437921690000e-01,9.552416270000e-01,2.000000000000e+00
7.202420530000e-01,1.434192080000e-01,4.027999790000e-01,0.000000000000e+00
7.492923040000e-01,2.173118630000e-01,7.996884790000e-01,2.000000000000e+00
2.464622890000e-01,9.589437240000e-01,1.423587960000e-01,1.000000000000e+00
5.281389070000e-01,5.907867540000e-01,9.482259020000e-01,3.000000000000e+00
4.547991610000e-01,5.105656880000e-01,2.951030380000e-01,0.000000000000e+00
9.530690850000e-01,2.153314100000e-02,1.163324230000e-01,0.000000000000e+00
1.881203410000e-01,6.905298520000e-01,6.231680480000e-01,1.000000000000e+00
3.183597310000e-01,7.584930360000e-01,9.184392200000e-01,3.000000000000e+00
7.260775490000e-01,9.020469470000e-01,3.271474230000e-01,4.000000000000e+00
3.867524610000e-01,3.385479970000e-01,6.519219580000e-01,2.000000000000e+00
7.072257450000e-01,5.843294790000e-01,3.770359600000e-01,4.000000000000e+00
6.028897500000e-02,4.946207570000e-01,7.551816800000e-02,1.000000000000e+00
2.376525660000e-01,9.629039920000e-01,8.248012510000e-01,1.000000000000e+00
5.359450750000e-01,9.584938810000e-01,7.547019940000e-01,3.000000000000e+00
6.440455300000e-02,2.351512930000e-01,3.944808100000e-01,0.000000000000e+00
9.794764680000e-01,3.473429520000e-01,9.913870900000e-01,3.000000000000e+00
1.891666610000e-01,7.983286070000e-01,6.970480460000e-01,1.000000000000e+00
1.805600130000e-01,3.421064810000e-01,1.749833360000e-01,0.000000000000e+00
2.833781900000e-01,9.624256660000e-01,9.558453180000e-01,3.000000000000e+00
5.939246630000e-01,6.665431400000e-01,5.701478350000e-01,3.000000000000e+00
1.147495930000e-01,9.036773380000e-01,9.576872660000e-01,1.000000000000e+00
1.519251140000e-01,7.164824010000e-01,6.378002830000e-01,1.000000000000e+00
2.356695940000e-01,5.807886460000e-01,5.288932860000e-01,1.000000000000e+00
7.781175870000e-01,2.509687080000e-01,6.841046460000e-01,2.000000000000e+00
7.478499810000e-01,2.145634480000e-01,2.984775000000e-02,0.000000000000e+00
7.208132430000e-01,6.665634500000e-02,7.378837570000e-01,2.000000000000e+00
6.269643680000e-01,9.537601470000e-01,4.598090980000e-01,4.000000000000e+00
4.690185620000e-01,7.205499310000e-01,5.183327670000e-01,1.000000000000e+00
8.214616640000e-01,5.070410490000e-01,5.149463310000e-01,3.000000000000e+00
3.841600410000e-01,9.531746540000e-01,4.439076170000e-01,1.000000000000e+00
2.332208890000e-01,5.115026010000e-01,3.690656240000e-01,1.000000000000e+00
4.349556590000e-01,1.504976710000e-01,7.657446900000e-01,2.000000000000e+00
8.958592000000e-01,4.816357740000e-01,9.429940140000e-01,3.000000000000e+00
9.792607320000e-01,4.451485960000e-01,3.235491570000e-01,4.000000000000e+00
3.348781740000e-01,4.037607230000e-01,3.851246290000e-01,0.000000000000e+00
4.602148840000e-01,3.382867500000e-01,5.927834270000e-01,2.000000000000e+00
5.183462540000e-01,9.096183830000e-01,6.009723000000e-01,3.000000000000e+00
3.383708010000e-01,3.173754240000e-01,3.374903890000e-01,0.000000000000e+00
6.366688430000e-01,9.644971400000e-01,4.819750160000e-01,4.000000000000e+00
2.506430400000e-02,9.234192270000e-01,1.192036990000e-01,1.000000000000e+00
4.831844900000e-02,5.348919100000e-01,7.613398400000e-01,1.000000000000e+00
4.919307840000e-01,1.656802400000e-02,1.126199980000e-01,0.000000000000e+00
1.774398800000e-01,9.039696740000e-01,4.819186530000e-01,1.000000000000e+00
9.816343170000e-01,5.131790930000e-01,3.165576690000e-01,4.000000000000e+00
2.560158000000e-02,9.303759930000e-01,5.633166410000e-01,1.000000000000e+00
1.799793600000e-02,8.905714590000e-01,4.580491000000e-01,1.000000000000e+00
9.627782100000e-01,4.430256550000e-01,8.314516100000e-02,4.000000000000e+00
4.195765780000e-01,1.120600550000e-01,5.312941030000e-01,2.000000000000e+00
4.944547060000e-01,9.541680630000e-01,4.792265100000e-02,4.000000000000e+00
8.000008350000e-01,6.733324730000e-01,6.402680900000e-02,4.000000000000e+00
8.707021620000e-01,5.100955770000e-01,8.630301780000e-01,3.000000000000e+00
8.511219040000e-01,9.162297630000e-01,7.819036140000e-01,3.000000000000e+00
1.597264340000e-01,8.208126100000e-02,1.954831700000e-01,0.000000000000e+00
3.624503260000e-01,7.885243360000e-01,8.261411960000e-01,3.000000000000e+00
2.708460030000e-01,9.898987900000e-02,5.744944360000e-01,2.000000000000e+00
4.068897720000e-01,8.381737170000e-01,4.366997770000e-01,1.000000000000e+00
3.550313900000e-02,8.532550070000e-01,6.428003410000e-01,1.000000000000e+00
8.315566600000e-02,9.527211640000e-01,7.080760560000e-01,1.000000000000e+00
8.476974780000e-01,5.651977600000e-01,8.946604980000e-01,3.000000000000e+00
3.784104500000e-02,9.843013590000e-01,3.659095590000e-01,1.000000000000e+00
1.777214280000e-01,4.184477970000e-01,1.576126830000e-01,0.000000000000e+00
4.293700390000e-01,5.087238360000e-01,7.677240350000e-01,2.000000000000e+00
7.185174900000e-02,2.162534710000e-01,8.196008250000e-01,2.000000000000e+00
5.780836640000e-01,2.123604940000e-01,6.273806460000e-01,2.000000000000e+00
3.807467540000e-01,9.540349460000e-01,1.148372100000e-01,4.000000000000e+00
2.112785390000e-01,5.600800960000e-01,6.854503540000e-01,1.000000000000e+00
7.707373220000e-01,8.139545630000e-01,7.932256700000e-01,3.000000000000e+00
3.187591170000e-01,6.983000000000e-02,6.642501330000e-01,2.000000000000e+00
5.985673700000e-02,6.677071000000e-02,2.662235500000e-01,0.000000000000e+00
9.682415270000e-01,9.538618370000e-01,3.118945760000e-01,4.000000000000e+00
5.042264310000e-01,6.220937000000e-02,2.891051170000e-01,0.000000000000e+00
2.564065110000e-01,2.499026950000e-01,3.489973990000e-01,0.000000000000e+00
6.748883110000e-01,8.603740000000e-01,6.059424730000e-01,3.000000000000e+00
2.460677270000e-01,4.834278300000e-02,3.430061590000e-01,0.000000000000e+00
8.307354940000e-01,7.837403440000e-01,6.775227510000e-01,3.000000000000e+00
9.988795200000e-01,3.417583680000e-01,2.299224440000e-01,4.000000000000e+00
7.316992820000e-01,9.402587430000e-01,1.088628500000e-01,4.000000000000e+00
5.413837350000e-01,9.102930190000e-01,3.811246620000e-01,4.000000000000e+00
7.508687270000e-01,8.489117620000e-01,2.657184220000e-01,4.000000000000e+00
4.256715910000e-01,6.261462390000e-01,6.226841420000e-01,1.000000000000e+00
2.140130660000e-01,9.125158100000e-02,8.640578990000e-01,2.000000000000e+00
5.456018850000e-01,3.104800850000e-01,4.654321100000e-02,0.000000000000e+00
5.172443560000e-01,1.158197630000e-01,2.485178950000e-01,0.000000000000e+00
8.726331210000e-01,5.011709700000e-01,1.200909400000e-01,4.000000000000e+00
2.554968570000e-01,4.720065790000e-01,7.964385660000e-01,2.000000000000e+00
4.689620350000e-01,2.691868500000e-01,1.317359450000e-01,0.000000000000e+00
7.423539040000e-01,5.284417930000e-01,5.659228640000e-01,3.000000000000e+00
8.536671100000e-01,2.676075000000e-01,9.140622060000e-01,3.000000000000e+00
4.476982870000e-01,1.495349390000e-01,6.701566440000e-01,2.000000000000e+00
4.455894810000e-01,6.431063000000e-01,2.255804330000e-01,4.000000000000e+00
3.578729150000e-01,7.885657260000e-01,8.146116430000e-01,3.000000000000e+00
5.802871420000e-01,5.063079910000e-01,5.270319120000e-01,3.000000000000e+00
5.005002650000e-01,3.652777220000e-01,4.677688000000e-02,0.000000000000e+00
1.418813940000e-01,9.260014830000e-01,8.689495200000e-01,1.000000000000e+00
2.217177710000e-01,3.660353120000e-01,1.256584180000e-01,0.000000000000e+00
6.003399090000e-01,6.846703880000e-01,8.261689270000e-01,3.000000000000e+00
3.078983920000e-01,2.096696800000e-01,7.529664810000e-01,2.000000000000e+00
9.597000770000e-01,8.995363780000e-01,4.914528130000e-01,4.000000000000e+00
2.304336880000e-01,6.139418880000e-01,4.156835080000e-01,1.000000000000e+00
4.955272650000e-01,6.345044120000e-01,3.701995260000e-01,4.000000000000e+00
5.065757340000e-01,9.866334130000e-01,8.494123700000e-01,3.000000000000e+00
7.617643390000e-01,9.639215990000e-01,8.288720180000e-01,3.000000000000e+00
3.486016540000e-01,8.755306100000e-02,7.911748970000e-01,2.000000000000e+00
1.049441920000e-01,1.021795310000e-01,9.058779260000e-01,2.000000000000e+00
3.753242470000e-01,2.463876070000e-01,3.014209910000e-01,0.000000000000e+00
8.754542720000e-01,1.186861640000e-01,9.888243110000e-01,2.000000000000e+00
1.769834600000e-01,3.936472610000e-01,1.598707830000e-01,0.000000000000e+00
9.176597030000e-01,5.832367550000e-01,6.309921010000e-01,3.000000000000e+00
2.850481230000e-01,4.699868690000e-01,3.727276600000e-01,1.000000000000e+00
1.148082200000e-02,5.970739450000e-01,9.041161410000e-01,1.000000000000e+00
3.132592290000e-01,5.100054230000e-01,8.948230850000e-01,2.000000000000e+00
7.958383240000e-01,9.111411240000e-01,9.281528180000e-01,3.000000000000e+00
1.649749570000e-01,3.591280990000e-01,6.023671600000e-01,2.000000000000e+00
9.834291590000e-01,3.861397000000e-03,8.321821700000e-02,0.000000000000e+00
2.425297450000e-01,5.627735470000e-01,6.640778130000e-01,1.000000000000e+00
7.659131880000e-01,1.940096250000e-01,2.862296680000e-01,0.000000000000e+00
7.078135200000e-02,1.026618540000e-01,2.492853980000e-01,0.000000000000e+00
5.114521250000e-01,4.189971770000e-01,2.840146340000e-01,0.000000000000e+00
4.394722050000e-01,8.918702590000e-01,8.236346300000e-01,3.000000000000e+00
5.808925490000e-01,4.667536720000e-01,1.404963830000e-01,0.000000000000e+00
6.155174490000e-01,7.389213560000e-01,4.615463670000e-01,4.000000000000e+00
8.246977070000e-01,6.985896560000e-01,9.415543390000e-01,3.000000000000e+00
4.661039800000e-01,9.029582830000e-01,6.880129840000e-01,3.000000000000e+00
5.233654710000e-01,6.915676490000e-01,5.471714870000e-01,3.000000000000e+00
5.459299370000e-01,7.145523170000e-01,4.193860400000e-02,4.000000000000e+00
3.275628800000e-01,7.018406150000e-01,9.277311620000e-01,3.000000000000e+00
7.618743560000e-01,2.762284770000e-01,8.866688340000e-01,2.000000000000e+00
9.794422280000e-01,2.987716910000e-01,5.916109110000e-01,3.000000000000e+00
3.747310220000e-01,8.605104490000e-01,3.216385250000e-01,1.000000000000e+00
8.074911000000e-01,9.701174600000e-02,9.307234170000e-01,2.000000000000e+00
4.534313380000e-01,2.068826690000e-01,4.310059170000e-01,0.000000000000e+00
9.100293090000e-01,3.223923000000e-02,4.931507040000e-01,0.000000000000e+00
2.897017000000e-01,1.704016890000e-01,7.399713220000e-01,2.000000000000e+00
2.466630900000e-02,7.770546770000e-01,7.691704390000e-01,1.000000000000e+00
5.624039000000e-02,8.998360100000e-02,6.464253900000e-01,2.000000000000e+00
1.496960370000e-01,5.397628350000e-01,7.020981430000e-01,1.000000000000e+00
6.761003190000e-01,4.794190000000e-04,6.395169810000e-01,2.000000000000e+00
9.674112560000e-01,8.933947830000e-01,9.589137730000e-01,3.000000000000e+00
1.586699930000e-01,5.272946950000e-01,3.478083550000e-01,1.000000000000e+00
1.816724910000e-01,5.326955480000e-01,9.889531420000e-01,2.000000000000e+00
5.359894600000e-02,4.976938580000e-01,1.181114950000e-01,1.000000000000e+00
1.324965710000e-01,9.854506740000e-01,7.539318070000e-01,1.000000000000e+00
8.758656100000e-01,7.320635910000e-01,8.841377310000e-01,3.000000000000e+00
4.196095910000e-01,1.263926900000e-02,6.453691690000e-01,2.000000000000e+00
1.020474860000e-01,8.854525000000e-03,6.583443910000e-01,2.000000000000e+00
1.239138550000e-01,2.107080560000e-01,4.993958780000e-01,2.000000000000e+00
1.596856590000e-01,9.684772680000e-01,5.862689790000e-01,1.000000000000e+00
8.342695220000e-01,3.696452390000e-01,2.453809040000e-01,0.000000000000e+00
6.372977810000e-01,7.685506380000e-01,4.887044200000e-01,4.000000000000e+00
7.783869610000e-01,3.767875010000e-01,3.205647000000e-02,0.000000000000e+00
6.771379400000e-01,6.320546970000e-01,6.726550000000e-04,4.000000000000e+00
8.607521890000e-01,1.405673990000e-01,3.267270430000e-01,0.000000000000e+00
2.206002710000e-01,3.979746200000e-02,8.714317380000e-01,2.000000000000e+00
3.734938970000e-01,9.100092860000e-01,4.330314700000e-02,4.000000000000e+00
2.694534240000e-01,5.718339980000e-01,3.467041520000e-01,1.000000000000e+00
9.197875680000e-01,3.734702120000e-01,8.731934680000e-01,3.000000000000e+00
7.769523530000e-01,3.620032650000e-01,1.727337970000e-01,0.000000000000e+00
5.758626150000e-01,9.004155760000e-01,5.998843080000e-01,3.000000000000e+00
6.168829970000e-01,8.845633000000e-01,1.317717300000e-01,4.000000000000e+00
3.668552510000e-01,7.291042990000e-01,9.505781490000e-01,3.000000000000e+00
6.688476810000e-01,7.535274050000e-01,6.608323310000e-01,3.000000000000e+00
2.642434560000e-01,3.084986410000e-01,9.121060980000e-01,2.000000000000e+00
5.425278650000e-01,8.808317660000e-01,5.357289490000e-01,4.000000000000e+00
4.606346450000e-01,1.371265300000e-02,1.522808920000e-01,0.000000000000e+00
8.282097110000e-01,9.213043340000e-01,4.908410800000e-02,4.000000000000e+00
8.740656630000e-01,4.732290250000e-01,5.452324990000e-01,3.000000000000e+00
7.312203570000e-01,1.266271690000e-01,9.960608480000e-01,2.000000000000e+00
9.434618680000e-01,3.325606500000e-02,9.920387380000e-01,2.000000000000e+00
2.111937980000e-01,5.228109650000e-01,9.077800130000e-01,2.000000000000e+00
7.671583640000e-01,9.671626420000e-01,8.880597930000e-01,3.000000000000e+00
6.895832750000e-01,8.415509230000e-01,3.775202410000e-01,4.000000000000e+00
1.477053880000e-01,9.590639090000e-01,3.158082300000e-02,1.000000000000e+00
6.547074890000e-01,7.529124450000e-01,3.050460550000e-01,4.000000000000e+00
6.283781680000e-01,7.582985300000e-02,7.193494410000e-01,2.000000000000e+00
8.864681120000e-01,1.854911560000e-01,7.197105570000e-01,2.000000000000e+00
7.494705640000e-01,4.480171090000e-01,8.973492020000e-01,3.000000000000e+00
4.926931850000e-01,8.841642680000e-01,6.334271710000e-01,3.000000000000e+00
4.468673300000e-01,7.934547000000e-01,7.738464320000e-01,3.000000000000e+00
6.306833250000e-01,7.765924530000e-01,7.089444340000e-01,3.000000000000e+00
8.148489730000e-01,8.459773440000e-01,6.432222190000e-01,3.000000000000e+00
1.697515600000e-02,7.291389890000e-01,5.802099600000e-02,1.000000000000e+00
5.112982470000e-01,7.057554000000e-02,7.334050980000e-01,2.000000000000e+00
7.844808060000e-01,7.385956980000e-01,3.736885340000e-01,4.000000000000e+00
5.308148430000e-01,4.431208700000e-01,6.911079450000e-01,2.000000000000e+00
9.440913160000e-01,9.573329610000e-01,6.395423860000e-01,3.000000000000e+00
7.710470170000e-01,8.119620240000e-01,9.777749910000e-01,3.000000000000e+00
8.702068800000e-01,7.559626610000e-01,9.252481140000e-01,3.000000000000e+00
4.587009880000e-01,3.347733330000e-01,9.584450800000e-02,0.000000000000e+00
5.338311510000e-01,9.126096190000e-01,2.714901500000e-02,4.000000000000e+00
5.246255980000e-01,6.526932770000e-01,4.974181060000e-01,4.000000000000e+00
8.056742640000e-01,7.230214780000e-01,8.007320800000e-01,3.000000000000e+00
1.136965280000e-01,6.502471920000e-01,3.447097760000e-01,1.000000000000e+00
8.269008270000e-01,5.937830060000e-01,5.509363660000e-01,3.000000000000e+00
9.406554230000e-01,7.402731440000e-01,6.302180180000e-01,3.000000000000e+00
1.415203150000e-01,6.324291440000e-01,8.386108340000e-01,1.000000000000e+00
3.967359700000e-01,5.032408280000e-01,5.906913760000e-01,1.000000000000e+00
3.760288600000e-02,4.081528500000e-02,6.206391190000e-01,2.000000000000e+00
7.161162910000e-01,5.067540280000e-01,2.535962490000e-01,4.000000000000e+00
6.197822980000e-01,7.766260000000e-05,6.760655930000e-01,2.000000000000e+00
4.960334570000e-01,9.874245100000e-01,9.840196010000e-01,3.000000000000e+00
6.493141480000e-01,1.474704270000e-01,4.899676540000e-01,0.000000000000e+00
6.916220380000e-01,1.612459020000e-01,6.478517230000e-01,2.000000000000e+00
9.365268920000e-01,5.904428750000e-01,9.395550930000e-01,3.000000000000e+00
6.048026210000e-01,8.388230110000e-01,2.512190580000e-01,4.000000000000e+00
7.119053100000e-02,6.764713800000e-01,5.976663280000e-01,1.000000000000e+00
1.941018300000e-02,4.957781330000e-01,4.403132400000e-01,1.000000000000e+00
7.264118740000e-01,2.626870250000e-01,8.631294800000e-02,0.000000000000e+00
8.304805370000e-01,1.350775680000e-01,7.915978700000e-02,0.000000000000e+00
9.508418930000e-01,7.697231050000e-01,4.787309500000e-01,4.000000000000e+00
6.114178960000e-01,8.411496600000e-01,3.953497890000e-01,4.000000000000e+00
1.813471410000e-01,2.877767130000e-01,8.830760780000e-01,2.000000000000e+00
2.007122220000e-01,8.739646290000e-01,5.715053530000e-01,1.000000000000e+00
6.520227700000e-01,8.411734200000e-02,2.505456550000e-01,0.000000000000e+00
3.425610240000e-01,2.023062160000e-01,7.972600300000e-02,0.000000000000e+00
5.843019320000e-01,1.226931530000e-01,1.298587240000e-01,0.000000000000e+00
5.911765020000e-01,5.127510200000e-02,8.764314680000e-01,2.000000000000e+00
1.659462950000e-01,4.740871030000e-01,8.567173650000e-01,2.000000000000e+00
8.393859480000e-01,7.634145040000e-01,9.617788680000e-01,3.000000000000e+00
5.282608650000e-01,8.654531260000e-01,6.806730950000e-01,3.000000000000e+00
7.605030100000e-02,7.169358100000e-01,1.521081600000e-01,1.000000000000e+00
7.804439670000e-01,3.319770900000e-01,7.324244500000e-01,3.000000000000e+00
3.633274940000e-01,1.649772240000e-01,1.850999110000e-01,0.000000000000e+00
6.879128670000e-01,3.961046190000e-01,2.497485920000e-01,0.000000000000e+00
8.839139300000e-01,5.545020640000e-01,8.970527800000e-02,4.000000000000e+00
3.378871400000e-01,6.862478780000e-01,2.526609370000e-01,1.000000000000e+00
1.916361600000e-01,4.414964340000e-01,5.134587030000e-01,1.000000000000e+00
4.789089930000e-01,1.515625400000e-01,8.188297450000e-01,2.000000000000e+00
9.188965530000e-01,8.991699450000e-01,7.807675140000e-01,3.000000000000e+00
7.829674360000e-01,3.276931220000e-01,7.550507530000e-01,3.000000000000e+00
3.255836400000e-01,4.922395060000e-01,1.233951700000e-01,0.000000000000e+00
4.707045900000e-02,6.935520340000e-01,5.084529590000e-01,1.000000000000e+00
1.094652040000e-01,8.218621450000e-01,6.321368380000e-01,1.000000000000e+00
8.262538280000e-01,6.106823990000e-01,6.321378910000e-01,3.000000000000e+00
1.623641710000e-01,5.709024000000e-01,2.703507200000e-02,1.000000000000e+00
4.797684940000e-01,6.072037690000e-01,7.756614300000e-02,4.000000000000e+00
8.970314120000e-01,7.956849320000e-01,9.744155580000e-01,3.000000000000e+00
8.010021730000e-01,5.516186490000e-01,8.769841990000e-01,3.000000000000e+00
1.233120930000e-01,4.114385160000e-01,9.014465610000e-01,2.000000000000e+00
5.946772870000e-01,3.283355800000e-01,9.141047960000e-01,2.000000000000e+00
7.416354190000e-01,1.432558900000e-01,1.159053610000e-01,0.000000000000e+00
8.993896000000e-02,2.432721350000e-01,7.424015030000e-01,2.000000000000e+00
1.164913140000e-01,6.904007920000e-01,2.080532800000e-02,1.000000000000e+00
1.808553360000e-01,5.994543120000e-01,3.406880710000e-01,1.000000000000e+00
8.703775500000e-02,6.886539000000e-03,9.525608090000e-01,2.000000000000e+00
3.006036110000e-01,1.136582640000e-01,7.974780490000e-01,2.000000000000e+00
8.322358410000e-01,5.963984000000e-02,7.714654260000e-01,2.000000000000e+00
9.519401300000e-02,2.476508510000e-01,8.013445810000e-01,2.000000000000e+00
3.006321890000e-01,1.509241980000e-01,8.636038700000e-02,0.000000000000e+00
8.746253680000e-01,7.008612470000e-01,7.139198260000e-01,3.000000000000e+00
8.633835640000e-01,5.792276900000e-01,8.709118260000e-01,3.000000000000e+00
1.191347100000e-01,7.675514150000e-01,5.091818100000e-01,1.000000000000e+00
5.567496670000e-01,6.915136180000e-01,7.820036810000e-01,3.000000000000e+00
1.973313190000e-01,8.272475130000e-01,7.796239140000e-01,1.000000000000e+00
9.870239020000e-01,7.348834620000e-01,6.236290890000e-01,3.000000000000e+00
4.206150820000e-01,6.140821710000e-01,7.418912070000e-01,3.000000000000e+00
3.122490310000e-01,1.491314900000e-02,7.087886800000e-02,0.000000000000e+00
9.746421880000e-01,9.831235490000e-01,8.627570600000e-02,4.000000000000e+00
7.833607740000e-01,8.148356680000e-01,6.762589700000e-01,3.000000000000e+00
5.404787520000e-01,2.549409380000e-01,4.498678850000e-01,0.000000000000e+00
4.876362100000e-02,2.907682130000e-01,6.253632580000e-01,2.000000000000e+00
6.979658510000e-01,3.389211200000e-02,6.128440920000e-01,2.000000000000e+00
7.248792550000e-01,7.083758390000e-01,5.256410590000e-01,4.000000000000e+00
7.475623770000e-01,1.732085350000e-01,2.637796120000e-01,0.000000000000e+00
8.671793420000e-01,2.136168140000e-01,7.544285080000e-01,2.000000000000e+00
2.226162000000e-02,3.261413530000e-01,8.196366400000e-02,0.000000000000e+00
6.272277440000e-01,1.164511440000e-01,4.095654080000e-01,0.000000000000e+00
5.431294330000e-01,9.285094400000e-02,5.407276300000e-01,2.000000000000e+00
2.815948060000e-01,7.096334720000e-01,8.767931760000e-01,1.000000000000e+00
3.564745200000e-01,6.387429600000e-02,9.650508710000e-01,2.000000000000e+00
4.516866100000e-02,4.976243590000e-01,1.868150720000e-01,1.000000000000e+00
5.249498610000e-01,9.446013240000e-01,3.320597850000e-01,4.000000000000e+00
1.264746270000e-01,2.739514000000e-02,2.467523740000e-01,0.000000000000e+00
2.086049980000e-01,5.684086510000e-01,7.729182620000e-01,1.000000000000e+00
1.257841690000e-01,5.148336090000e-01,5.144789540000e-01,1.000000000000e+00
1.545129570000e-01,3.732914410000e-01,9.934020250000e-01,2.000000000000e+00
2.336181310000e-01,5.726166980000e-01,1.641100500000e-02,1.000000000000e+00
9.998909630000e-01,5.702755650000e-01,2.168533170000e-01,4.000000000000e+00
4.868283610000e-01,3.799244010000e-01,6.962138660000e-01,2.000000000000e+00
7.531442700000e-02,6.673954970000e-01,8.638554330000e-01,1.000000000000e+00
8.629492700000e-01,8.127828740000e-01,9.975339640000e-01,3.000000000000e+00
3.144518600000e-02,2.490223280000e-01,9.733245760000e-01,2.000000000000e+00
3.265738910000e-01,1.181713290000e-01,9.657630050000e-01,2.000000000000e+00
3.320200590000e-01,6.044594110000e-01,5.382688420000e-01,1.000000000000e+00
7.066221080000e-01,6.943239610000e-01,2.090145360000e-01,4.000000000000e+00
9.329497630000e-01,8.165582000000e-02,3.565101910000e-01,0.000000000000e+00
7.559171400000e-01,8.804432770000e-01,2.401817130000e-01,4.000000000000e+00
2.272196650000e-01,5.155380460000e-01,6.320243100000e-02,0.000000000000e+00
6.920068100000e-02,1.508516360000e-01,3.612219390000e-01,0.000000000000e+00
9.024274080000e-01,6.469426560000e-01,5.048322720000e-01,4.000000000000e+00
2.623829780000e-01,1.809723680000e-01,4.031324450000e-01,0.000000000000e+00
3.250662300000e-02,6.561940000000e-01,2.573451130000e-01,1.000000000000e+00
9.596524630000e-01,7.761175920000e-01,6.532892830000e-01,3.000000000000e+00
7.786695370000e-01,1.718160580000e-01,3.838207370000e-01,0.000000000000e+00
6.485692700000e-01,7.834269600000e-01,9.662314610000e-01,3.000000000000e+00
6.386089980000e-01,3.230238150000e-01,6.672595560000e-01,2.000000000000e+00
1.202657590000e-01,1.760190110000e-01,4.161737170000e-01,0.000000000000e+00
2.750655230000e-01,9.211905790000e-01,3.240619460000e-01,1.000000000000e+00
4.901379250000e-01,3.378444450000e-01,1.353399160000e-01,0.000000000000e+00
7.240976320000e-01,9.922694020000e-01,4.101231810000e-01,4.000000000000e+00
2.969585030000e-01,1.423563990000e-01,4.794832130000e-01,2.000000000000e+00
9.238110300000e-02,5.777309300000e-01,2.908984470000e-01,1.000000000000e+00
8.918393300000e-01,3.121490050000e-01,2.951266660000e-01,0.000000000000e+00
6.692517990000e-01,7.145398200000e-02,9.558617160000e-01,2.000000000000e+00
9.383782250000e-01,3.242389790000e-01,4.555890770000e-01,0.000000000000e+00
7.622366270000e-01,4.861728300000e-02,1.206559730000e-01,0.000000000000e+00
8.861940630000e-01,8.421369060000e-01,8.861677790000e-01,3.000000000000e+00
4.204485880000e-01,8.260404530000e-01,2.098111950000e-01,4.000000000000e+00
4.961201130000e-01,1.402449840000e-01,1.027580700000e-02,0.000000000000e+00
2.917707340000e-01,8.933739700000e-02,9.401361720000e-01,2.000000000000e+00
8.237446170000e-01,4.427522050000e-01,7.950682900000e-01,3.000000000000e+00
8.663525700000e-01,3.089197210000e-01,9.293131910000e-01,3.000000000000e+00
1.241873710000e-01,5.155071450000e-01,3.952627000000e-01,1.000000000000e+00
5.156432610000e-01,5.144934050000e-01,5.922162690000e-01,3.000000000000e+00
4.355777030000e-01,2.022655220000e-01,7.493803960000e-01,2.000000000000e+00
8.512152060000e-01,5.811406620000e-01,9.092626890000e-01,3.000000000000e+00
9.727638800000e-01,3.059643930000e-01,1.195561920000e-01,0.000000000000e+00
8.336429830000e-01,4.426729200000e-01,5.740653730000e-01,3.000000000000e+00
9.086580960000e-01,9.854421170000e-01,3.289122200000e-02,4.000000000000e+00
1.205368680000e-01,8.981670520000e-01,7.548473470000e-01,1.000000000000e+00
3.284806890000e-01,2.065003480000e-01,8.833888390000e-01,2.000000000000e+00
5.842333180000e-01,1.271647360000e-01,9.343565480000e-01,2.000000000000e+00
5.209042860000e-01,8.554226600000e-02,4.696451360000e-01,0.000000000000e+00
1.188045120000e-01,2.766944770000e-01,2.557061740000e-01,0.000000000000e+00
6.691526090000e-01,4.801696450000e-01,3.500446680000e-01,4.000000000000e+00
7.845995880000e-01,3.084450700000e-02,6.722706160000e-01,2.000000000000e+00
9.746220200000e-01,9.848226850000e-01,8.014024020000e-01,3.000000000000e+00
9.061512000000e-02,2.059984200000e-01,2.889434460000e-01,0.000000000000e+00
5.006308740000e-01,6.680121430000e-01,3.261076610000e-01,4.000000000000e+00
2.439466460000e-01,8.858426850000e-01,3.563430470000e-01,1.000000000000e+00
7.045199340000e-01,1.124117640000e-01,8.407765330000e-01,2.000000000000e+00
6.472217600000e-02,1.481305650000e-01,7.242214050000e-01,2.000000000000e+00
6.999884600000e-02,8.269176420000e-01,2.852482360000e-01,1.000000000000e+00
4.631421050000e-01,1.291320530000e-01,7.169312100000e-02,0.000000000000e+00
6.567261700000e-02,4.914711580000e-01,1.432483450000e-01,1.000000000000e+00
3.457198520000e-01,5.504772830000e-01,4.171886910000e-01,1.000000000000e+00
5.238114050000e-01,9.231883350000e-01,3.667060950000e-01,4.000000000000e+00
5.711331500000e-01,7.985903490000e-01,4.656460810000e-01,4.000000000000e+00
8.283593090000e-01,8.868337570000e-01,4.709946320000e-01,4.000000000000e+00
6.492008090000e-01,4.220374460000e-01,3.389705470000e-01,0.000000000000e+00
9.919592410000e-01,6.529247100000e-02,5.459267330000e-01,0.000000000000e+00
4.027076670000e-01,8.923151670000e-01,1.577378980000e-01,4.000000000000e+00
5.833716770000e-01,9.152476430000e-01,5.108821620000e-01,4.000000000000e+00
2.867529540000e-01,1.192169080000e-01,4.221785310000e-01,0.000000000000e+00
5.748420000000e-04,9.324779890000e-01,3.227626310000e-01,1.000000000000e+00
5.211001820000e-01,1.825163450000e-01,7.995391490000e-01,2.000000000000e+00
2.175521850000e-01,3.246032900000e-01,1.286413000000e-03,0.000000000000e+00
1.292639530000e-01,8.327991910000e-01,7.468003540000e-01,1.000000000000e+00
8.591330690000e-01,6.825006930000e-01,3.572765500000e-02,4.000000000000e+00
8.129626700000e-02,4.992839630000e-01,8.518955090000e-01,2.000000000000e+00
7.093849880000e-01,1.498520800000e-01,1.865218940000e-01,0.000000000000e+00
2.479229630000e-01,2.533583560000e-01,8.723268320000e-01,2.000000000000e+00
2.030286310000e-01,6.865247200000e-02,5.534879840000e-01,2.000000000000e+00
2.923707670000e-01,9.255951240000e-01,4.013834380000e-01,1.000000000000e+00
7.215222220000e-01,3.001764930000e-01,4.520986040000e-01,0.000000000000e+00
6.220211230000e-01,3.080018420000e-01,5.139548300000e-01,0.000000000000e+00
6.012988160000e-01,2.681359630000e-01,5.844416020000e-01,2.000000000000e+00
2.079496290000e-01,4.071287040000e-01,6.994304180000e-01,2.000000000000e+00
1.522163750000e-01,9.266035600000e-01,7.049208000000e-02,1.000000000000e+00
9.970313450000e-01,7.894888640000e-01,1.946628250000e-01,4.000000000000e+00
1.417058900000e-01,5.130113240000e-01,2.509186810000e-01,1.000000000000e+00
9.798530040000e-01,2.462736980000e-01,7.323710570000e-01,3.000000000000e+00
4.414660860000e-01,4.287874770000e-01,6.808567370000e-01,2.000000000000e+00
5.138593790000e-01,6.684020620000e-01,5.042941500000e-01,4.000000000000e+00
3.210385300000e-01,5.943621900000e-01,4.818439630000e-01,1.000000000000e+00
4.660043740000e-01,1.990112100000e-02,2.250878150000e-01,0.000000000000e+00
5.467317440000e-01,3.599576660000e-01,7.765903040000e-01,2.000000000000e+00
8.813372700000e-02,2.102812300000e-02,5.792995560000e-01,2.000000000000e+00
1.720441510000e-01,2.372788340000e-01,5.678764110000e-01,2.000000000000e+00
5.763257960000e-01,8.625651300000e-01,4.879807690000e-01,4.000000000000e+00
4.599574150000e-01,4.052068000000e-03,4.134461500000e-01,0.000000000000e+00
7.202175800000e-01,9.062088730000e-01,4.985019500000e-02,4.000000000000e+00
8.355051390000e-01,6.504875000000e-03,7.161295770000e-01,2.000000000000e+00
9.749130960000e-01,6.350265000000e-02,9.457589980000e-01,2.000000000000e+00
5.380767640000e-01,9.312524760000e-01,5.429443000000e-02,4.000000000000e+00
9.218793080000e-01,7.500022830000e-01,1.200752720000e-01,4.000000000000e+00
8.257901170000e-01,9.529570700000e-02,4.717695780000e-01,0.000000000000e+00
6.675127790000e-01,7.266672480000e-01,6.804105500000e-01,3.000000000000e+00
6.047749280000e-01,2.093136150000e-01,8.036782790000e-01,2.000000000000e+00
5.867815800000e-02,4.578821190000e-01,4.910906790000e-01,1.000000000000e+00
4.650357400000e-01,6.471485550000e-01,6.374551400000e-02,4.000000000000e+00
2.685699250000e-01,7.151649000000e-02,3.544143390000e-01,0.000000000000e+00
3.099975680000e-01,4.865177300000e-02,6.520508240000e-01,2.000000000000e+00
8.520572310000e-01,8.000645910000e-01,3.789932880000e-01,4.000000000000e+00
1.018441320000e-01,9.752501280000e-01,9.195213750000e-01,1.000000000000e+00
8.799507740000e-01,1.252494400000e-02,2.439779240000e-01,0.000000000000e+00
7.129861300000e-01,4.107845910000e-01,7.666664260000e-01,3.000000000000e+00
2.539539630000e-01,1.886391200000e-01,3.534086330000e-01,0.000000000000e+00
8.595401870000e-01,7.861405680000e-01,5.046859200000e-01,4.000000000000e+00
8.851655370000e-01,1.823737380000e-01,3.654360930000e-01,0.000000000000e+00
9.192269530000e-01,1.325909590000e-01,3.053193020000e-01,0.000000000000e+00
7.942220670000e-01,3.258436910000e-01,8.150330100000e-01,3.000000000000e+00
3.604723860000e-01,8.285036990000e-01,9.927513020000e-01,3.000000000000e+00
5.683281820000e-01,5.966420150000e-01,1.666894560000e-01,4.000000000000e+00
4.957976080000e-01,3.905334970000e-01,4.668942250000e-01,0.000000000000e+00
4.973837030000e-01,5.772109200000e-02,1.365019480000e-01,0.000000000000e+00
1.877058600000e-01,9.247856910000e-01,3.254423410000e-01,1.000000000000e+00
6.931385870000e-01,3.517868890000e-01,4.996367420000e-01,0.000000000000e+00
8.989804290000e-01,7.592857540000e-01,6.488642000000e-03,4.000000000000e+00
2.033624810000e-01,3.628734820000e-01,5.767500460000e-01,2.000000000000e+00
1.786513290000e-01,7.206026760000e-01,8.812198090000e-01,1.000000000000e+00
1.765250650000e-01,3.258050080000e-01,2.969468700000e-02,0.000000000000e+00
2.809087330000e-01,5.275226430000e-01,5.453452380000e-01,1.000000000000e+00
3.707501520000e-01,1.385999390000e-01,4.493053800000e-02,0.000000000000e+00
6.750971840000e-01,1.476135600000e-01,3.785898660000e-01,0.000000000000e+00
7.350231270000e-01,7.933261420000e-01,7.516583010000e-01,3.000000000000e+00
5.897125440000e-01,5.695277560000e-01,6.401988000000e-03,4.000000000000e+00
5.289715160000e-01,2.973429920000e-01,4.543674140000e-01,0.000000000000e+00
6.914772870000e-01,7.995654630000e-01,4.241101910000e-01,4.000000000000e+00
2.616220150000e-01,8.489960590000e-01,8.484553010000e-01,1.000000000000e+00
4.010143420000e-01,6.844288940000e-01,6.316464420000e-01,1.000000000000e+00
1.664646500000e-01,2.527042150000e-01,9.071855560000e-01,2.000000000000e+00
1.008757070000e-01,5.669478030000e-01,9.066858510000e-01,1.000000000000e+00
4.348135960000e-01,1.040214010000e-01,1.670325750000e-01,0.000000000000e+00
5.254753230000e-01,5.089267710000e-01,9.503129380000e-01,3.000000000000e+00
1.591641030000e-01,2.981610290000e-01,8.136513410000e-01,2.000000000000e+00
6.883643450000e-01,3.717657340000e-01,5.334505160000e-01,0.000000000000e+00
7.120693540000e-01,8.499248220000e-01,3.516262690000e-01,4.000000000000e+00
3.225000410000e-01,1.411956730000e-01,9.541047240000e-01,2.000000000000e+00
1.465950620000e-01,9.326443100000e-01,1.908219160000e-01,1.000000000000e+00
7.199181600000e-01,9.049942550000e-01,9.451807520000e-01,3.000000000000e+00
2.550505600000e-02,3.692782270000e-01,2.255674910000e-01,1.000000000000e+00
4.508842970000e-01,1.630765410000e-01,8.356553370000e-01,2.000000000000e+00
6.661303250000e-01,5.270741400000e-01,8.276726200000e-01,3.000000000000e+00
7.475842230000e-01,5.089998800000e-02,2.534421150000e-01,0.000000000000e+00
5.250749180000e-01,9.309383930000e-01,2.776590900000e-01,4.000000000000e+00
9.400410360000e-01,1.297500510000e-01,1.695265470000e-01,0.000000000000e+00
9.763282210000e-01,4.060565060000e-01,1.562134540000e-01,4.000000000000e+00
4.132064860000e-01,2.170434040000e-01,4.256521310000e-01,0.000000000000e+00
1.084919310000e-01,9.631927630000e-01,4.984776010000e-01,1.000000000000e+00
9.587090360000e-01,5.851165850000e-01,5.072654410000e-01,4.000000000000e+00
4.842884800000e-02,7.137254140000e-01,7.289703880000e-01,1.000000000000e+00
5.877913640000e-01,8.963058220000e-01,2.799221220000e-01,4.000000000000e+00
8.668691900000e-02,7.400592320000e-01,9.148758690000e-01,1.000000000000e+00
4.220277130000e-01,8.609648300000e-02,4.197509850000e-01,0.000000000000e+00
7.677160340000e-01,8.716632570000e-01,1.039712920000e-01,4.000000000000e+00
5.498350430000e-01,3.714301650000e-01,8.010093460000e-01,2.000000000000e+00
5.574085980000e-01,3.417253640000e-01,2.791719270000e-01,0.000000000000e+00
7.124014800000e-02,7.656139080000e-01,1.737675740000e-01,1.000000000000e+00
7.132302980000e-01,7.797204040000e-01,2.531655460000e-01,4.000000000000e+00
5.723222360000e-01,6.639372540000e-01,4.566410700000e-02,4.000000000000e+00
4.284323770000e-01,1.610709910000e-01,8.910295440000e-01,2.000000000000e+00
8.182923240000e-01,9.711649570000e-01,2.716960590000e-01,4.000000000000e+00
2.694460530000e-01,9.627669310000e-01,5.152647800000e-02,1.000000000000e+00
5.152770860000e-01,7.483397100000e-01,3.514914650000e-01,4.000000000000e+00
7.964192520000e-01,5.562787320000e-01,3.613142090000e-01,4.000000000000e+00
8.015562690000e-01,9.874241650000e-01,1.171973050000e-01,4.000000000000e+00
7.827722610000e-01,5.866778000000e-02,9.827497790000e-01,2.000000000000e+00
2.180696100000e-01,6.092568620000e-01,7.984618990000e-01,1.000000000000e+00
6.992051420000e-01,3.876139400000e-02,2.712389080000e-01,0.000000000000e+00
5.347541290000e-01,2.747697900000e-01,1.636061780000e-01,0.000000000000e+00
3.518131000000e-03,4.376759650000e-01,3.882508750000e-01,1.000000000000e+00
6.191980120000e-01,9.071031800000e-02,5.665599140000e-01,2.000000000000e+00
1.785765620000e-01,8.857935670000e-01,2.273479400000e-02,1.000000000000e+00
5.785399810000e-01,2.811904690000e-01,8.260142000000e-03,0.000000000000e+00
1.777132110000e-01,3.935606210000e-01,5.223622800000e-02,0.000000000000e+00
8.461582210000e-01,3.576957480000e-01,8.751702990000e-01,3.000000000000e+00
1.275683080000e-01,6.383148710000e-01,9.466582680000e-01,1.000000000000e+00
7.671383250000e-01,6.214059330000e-01,5.641041670000e-01,3.000000000000e+00
7.984510740000e-01,4.044378600000e-01,5.998311930000e-01,3.000000000000e+00
6.162234870000e-01,6.657522970000e-01,9.710127890000e-01,3.000000000000e+00
2.674410960000e-01,3.883529850000e-01,4.306879370000e-01,1.000000000000e+00
9.238673580000e-01,6.545826430000e-01,4.640371220000e-01,4.000000000000e+00
4.921372270000e-01,7.062589130000e-01,3.782471680000e-01,4.000000000000e+00
5.366428870000e-01,5.555954190000e-01,1.049982270000e-01,4.000000000000e+00
9.929697170000e-01,6.888626130000e-01,8.964078830000e-01,3.000000000000e+00
4.549751570000e-01,8.517277440000e-01,1.442974190000e-01,4.000000000000e+00
3.179762540000e-01,6.201022270000e-01,4.167931190000e-01,1.000000000000e+00
4.406323430000e-01,5.356157530000e-01,9.133562840000e-01,3.000000000000e+00
7.910108690000e-01,9.621167080000e-01,6.270401440000e-01,3.000000000000e+00
9.268260730000e-01,3.824566110000e-01,4.658060720000e-01,4.000000000000e+00
5.689049930000e-01,5.141014550000e-01,7.244894940000e-01,3.000000000000e+00
8.955179010000e-01,3.910053560000e-01,3.478937150000e-01,4.000000000000e+00
2.898751860000e-01,8.309818490000e-01,9.211678800000e-01,3.000000000000e+00
9.518504800000e-01,9.968292710000e-01,9.701632560000e-01,3.000000000000e+00
7.905545300000e-02,9.993865890000e-01,5.282082580000e-01,1.000000000000e+00
9.269321020000e-01,1.477998960000e-01,4.171386680000e-01,0.000000000000e+00
2.446514650000e-01,8.323497440000e-01,2.211043380000e-01,1.000000000000e+00
1.795608760000e-01,1.495818410000e-01,9.782731800000e-01,2.000000000000e+00
8.697787940000e-01,1.160504130000e-01,9.308582260000e-01,2.000000000000e+00
6.813479880000e-01,7.001009340000e-01,3.010153000000e-03,4.000000000000e+00
6.888047530000e-01,8.781988700000e-02,2.172460730000e-01,0.000000000000e+00
5.491958100000e-02,5.362066280000e-01,1.196067800000e-02,1.000000000000e+00
6.404962570000e-01,1.931251810000e-01,6.545950340000e-01,2.000000000000e+00
8.796051520000e-01,1.521128090000e-01,5.094643900000e-01,0.000000000000e+00
3.368770780000e-01,3.529443560000e-01,3.265190800000e-02,0.000000000000e+00
5.782878920000e-01,4.107408710000e-01,4.249818090000e-01,0.000000000000e+00
6.556107630000e-01,3.703423920000e-01,2.160529200000e-02,0.000000000000e+00
1.847462160000e-01,7.862782800000e-02,6.152620760000e-01,2.000000000000e+00
3.352509160000e-01,7.441646060000e-01,7.834867000000e-01,1.000000000000e+00
8.600622600000e-02,7.966249220000e-01,1.007351760000e-01,1.000000000000e+00
2.786744710000e-01,4.836553680000e-01,1.171325990000e-01,0.000000000000e+00
9.946819920000e-01,9.155837980000e-01,6.824198450000e-01,3.000000000000e+00
7.736492500000e-02,4.889684430000e-01,7.628360010000e-01,1.000000000000e+00
4.609395850000e-01,2.268436330000e-01,2.623017820000e-01,0.000000000000e+00
9.984095630000e-01,4.643980250000e-01,9.182296720000e-01,3.000000000000e+00
2.211915040000e-01,6.052726970000e-01,2.368185790000e-01,1.000000000000e+00
3.055325140000e-01,1.079869130000e-01,2.857719590000e-01,0.000000000000e+00
4.294578820000e-01,2.185214300000e-02,4.170446540000e-01,0.000000000000e+00
4.398254000000e-01,9.044053970000e-01,5.870074920000e-01,1.000000000000e+00
4.723619270000e-01,6.154922190000e-01,3.114743390000e-01,4.000000000000e+00
4.847793000000e-01,8.304544990000e-01,6.929632170000e-01,3.000000000000e+00
5.250549450000e-01,7.606909110000e-01,1.762962680000e-01,4.000000000000e+00
1.177295290000e-01,4.251901390000e-01,7.630229920000e-01,2.000000000000e+00
4.358154830000e-01,9.010342880000e-01,6.835314300000e-01,3.000000000000e+00
3.107223470000e-01,7.115028740000e-01,5.005431200000e-02,4.000000000000e+00
6.925574740000e-01,7.568651380000e-01,8.236014420000e-01,3.000000000000e+00
7.485613970000e-01,3.026074310000e-01,4.040567760000e-01,0.000000000000e+00
3.704788340000e-01,7.491990530000e-01,2.201994080000e-01,1.000000000000e+00
6.869293750000e-01,1.728081640000e-01,2.204676200000e-01,0.000000000000e+00
3.751103500000e-02,2.995975680000e-01,5.434324590000e-01,1.000000000000e+00
5.139004410000e-01,8.926139070000e-01,7.400516480000e-01,3.000000000000e+00
3.895435220000e-01,8.065166690000e-01,8.914390620000e-01,3.000000000000e+00
5.375818700000e-02,3.671046840000e-01,3.560609440000e-01,1.000000000000e+00
4.500399690000e-01,1.866204100000e-01,2.222694900000e-02,0.000000000000e+00
4.811222190000e-01,3.764906040000e-01,4.556523410000e-01,0.000000000000e+00
9.700915100000e-01,2.520026310000e-01,1.214494180000e-01,0.000000000000e+00
3.221747410000e-01,3.596455710000e-01,7.852824950000e-01,2.000000000000e+00
9.043100530000e-01,7.303013380000e-01,9.942105130000e-01,3.000000000000e+00
4.501015310000e-01,9.283008600000e-01,8.658417700000e-02,4.000000000000e+00
4.569481010000e-01,9.030529100000e-01,2.165898560000e-01,4.000000000000e+00
4.301588280000e-01,5.743855350000e-01,8.124516670000e-01,3.000000000000e+00
9.588009130000e-01,2.290291320000e-01,4.822368000000e-03,0.000000000000e+00
6.418563330000e-01,7.571709890000e-01,9.705942100000e-02,4.000000000000e+00
4.422766340000e-01,2.784135280000e-01,8.776553050000e-01,2.000000000000e+00
3.692777700000e-02,4.252869990000e-01,9.230599700000e-01,2.000000000000e+00
9.960036780000e-01,9.024658470000e-01,2.651426060000e-01,4.000000000000e+00
3.063409390000e-01,2.607448370000e-01,5.286062610000e-01,2.000000000000e+00
9.827204800000e-02,1.624760780000e-01,3.548822180000e-01,0.000000000000e+00
6.580543730000e-01,8.908224290000e-01,9.000076000000e-01,3.000000000000e+00
8.728454600000e-02,6.951677390000e-01,2.629366300000e-02,1.000000000000e+00
6.673104330000e-01,9.028433680000e-01,2.489462070000e-01,4.000000000000e+00
4.518879260000e-01,9.950520670000e-01,1.817129550000e-01,4.000000000000e+00
7.212985270000e-01,6.611482000000e-03,7.271029950000e-01,2.000000000000e+00
1.801371440000e-01,3.895117400000e-01,6.783058370000e-01,2.000000000000e+00
4.207613310000e-01,4.198601760000e-01,1.065638300000e-02,0.000000000000e+00
7.884880750000e-01,1.804733180000e-01,7.080196950000e-01,2.000000000000e+00
6.622650150000e-01,7.573971690000e-01,3.489374640000e-01,4.000000000000e+00
2.273287300000e-01,6.633016850000e-01,3.992367800000e-01,1.000000000000e+00
7.168925990000e-01,5.529810670000e-01,8.983249500000e-02,4.000000000000e+00
1.772156050000e-01,4.651756470000e-01,8.876665890000e-01,2.000000000000e+00
4.010009000000e-01,5.979372030000e-01,9.497585000000e-02,4.000000000000e+00
2.590961540000e-01,5.916680120000e-01,1.457931240000e-01,1.000000000000e+00
7.855796000000e-01,5.413451660000e-01,3.836780570000e-01,4.000000000000e+00
2.017535320000e-01,6.136037480000e-01,8.796970440000e-01,1.000000000000e+00
8.253218510000e-01,4.523497590000e-01,1.925813770000e-01,4.000000000000e+00
1.712663370000e-01,7.827892470000e-01,8.481857870000e-01,1.000000000000e+00
9.891707180000e-01,5.753918520000e-01,6.439332710000e-01,3.000000000000e+00
2.242165520000e-01,1.286155380000e-01,2.612864450000e-01,0.000000000000e+00
3.554406890000e-01,6.294579550000e-01,9.026002490000e-01,3.000000000000e+00
7.278432700000e-01,2.822938640000e-01,6.059434510000e-01,2.000000000000e+00
2.104671860000e-01,7.483279160000e-01,2.697256840000e-01,1.000000000000e+00
7.030803670000e-01,4.110520050000e-01,2.945028100000e-02,0.000000000000e+00
6.117202640000e-01,6.531087650000e-01,1.157548880000e-01,4.000000000000e+00
6.257142610000e-01,4.265022440000e-01,2.536255160000e-01,0.000000000000e+00
8.087963900000e-02,2.315615310000e-01,7.765110000000e-04,0.000000000000e+00
5.807650490000e-01,2.141039010000e-01,6.553335350000e-01,2.000000000000e+00
4.112873430000e-01,7.907576100000e-02,7.942776420000e-01,2.000000000000e+00
7.100738580000e-01,6.468639880000e-01,7.107450500000e-01,3.000000000000e+00
3.355693970000e-01,9.006452760000e-01,6.834748350000e-01,1.000000000000e+00
9.677471540000e-01,5.797739320000e-01,5.340246040000e-01,3.000000000000e+00
7.667179730000e-01,5.821993090000e-01,5.331022340000e-01,3.000000000000e+00
3.834687430000e-01,4.267211570000e-01,2.725193400000e-02,0.000000000000e+00
4.904002050000e-01,1.172767390000e-01,9.236695400000e-01,2.000000000000e+00
5.264373310000e-01,7.010765300000e-01,6.710857520000e-01,3.000000000000e+00
8.893926560000e-01,7.646682510000e-01,5.941831780000e-01,3.000000000000e+00
6.386428150000e-01,5.784802140000e-01,9.786159900000e-01,3.000000000000e+00
8.766871900000e-01,1.646279400000e-01,2.161013110000e-01,0.000000000000e+00
4.267296500000e-01,5.788271380000e-01,2.635499890000e-01,4.000000000000e+00
8.111704730000e-01,9.396693800000e-02,2.259512230000e-01,0.000000000000e+00
9.908920600000e-02,2.635913860000e-01,8.823937440000e-01,2.000000000000e+00
3.839977700000e-01,3.279486790000e-01,4.945413010000e-01,0.000000000000e+00
1.835836160000e-01,8.025085000000e-03,3.458964830000e-01,0.000000000000e+00
5.849608780000e-01,5.469813000000e-01,9.685356840000e-01,3.000000000000e+00
3.613450340000e-01,8.540379530000e-01,5.273279950000e-01,1.000000000000e+00
9.849053220000e-01,9.977415320000e-01,8.765218120000e-01,3.000000000000e+00
7.475826400000e-02,3.992889900000e-01,8.476347910000e-01,2.000000000000e+00
7.833032300000e-01,3.920624160000e-01,2.478383800000e-02,0.000000000000e+00
4.677281660000e-01,7.121670220000e-01,2.453314100000e-02,4.000000000000e+00
5.872808990000e-01,3.985762470000e-01,5.731121130000e-01,2.000000000000e+00
9.648299710000e-01,2.598274100000e-02,9.690198110000e-01,2.000000000000e+00
9.497508000000e-01,6.594363090000e-01,2.048782060000e-01,4.000000000000e+00
6.573599030000e-01,3.473735830000e-01,1.933080680000e-01,0.000000000000e+00
1.864345570000e-01,5.210594210000e-01,7.043907900000e-02,1.000000000000e+00
8.701098670000e-01,6.276101200000e-02,7.100774540000e-01,2.000000000000e+00
2.179624690000e-01,2.883113220000e-01,1.907085480000e-01,0.000000000000e+00
9.555392430000e-01,2.231121500000e-02,7.159024100000e-01,2.000000000000e+00
6.256658140000e-01,7.613655200000e-01,9.880445880000e-01,3.000000000000e+00
5.972527460000e-01,7.107481920000e-01,3.140689020000e-01,4.000000000000e+00
5.160543720000e-01,3.272829160000e-01,5.430730200000e-01,2.000000000000e+00
2.713676790000e-01,7.387016110000e-01,3.041699870000e-01,1.000000000000e+00
9.338044690000e-01,5.809944550000e-01,2.100769640000e-01,4.000000000000e+00
1.279191560000e-01,5.992995180000e-01,5.858579590000e-01,1.000000000000e+00
6.760656790000e-01,5.589877080000e-01,9.588661420000e-01,3.000000000000e+00
3.161418710000e-01,4.608982940000e-01,1.417693240000e-01,0.000000000000e+00
4.713359210000e-01,8.977091900000e-02,3.586063620000e-01,0.000000000000e+00
6.238750780000e-01,1.209496770000e-01,3.107009600000e-02,0.000000000000e+00
2.795610540000e-01,7.566331540000e-01,5.238215940000e-01,1.000000000000e+00
3.676384520000e-01,4.147329300000e-02,2.051009170000e-01,0.000000000000e+00
1.947484440000e-01,5.541492260000e-01,8.919981060000e-01,2.000000000000e+00
4.118944500000e-01,6.078080400000e-02,7.399088840000e-01,2.000000000000e+00
4.635217470000e-01,1.758654720000e-01,5.356931420000e-01,2.000000000000e+00
9.459710060000e-01,9.660289620000e-01,8.569402540000e-01,3.000000000000e+00
1.830470780000e-01,3.375625240000e-01,1.817698650000e-01,0.000000000000e+00
5.946278840000e-01,1.981769570000e-01,1.500593320000e-01,0.000000000000e+00
8.432709280000e-01,5.307235220000e-01,9.280167420000e-01,3.000000000000e+00
2.238303940000e-01,3.962247890000e-01,6.715247970000e-01,2.000000000000e+00
6.607673740000e-01,6.515531360000e-01,8.168308010000e-01,3.000000000000e+00
4.356013020000e-01,6.750483800000e-02,2.863674960000e-01,0.000000000000e+00
1.186473640000e-01,5.974136060000e-01,7.360349010000e-01,1.000000000000e+00
1.308766280000e-01,7.186578940000e-01,1.326677820000e-01,1.000000000000e+00
5.120361730000e-01,8.079397680000e-01,5.739804930000e-01,3.000000000000e+00
6.515677790000e-01,1.469529480000e-01,2.399720650000e-01,0.000000000000e+00
2.887254390000e-01,2.248724470000e-01,4.364194900000e-02,0.000000000000e+00
1.370723800000e-01,3.811092320000e-01,2.219923800000e-02,0.000000000000e+00
7.542268140000e-01,1.674266230000e-01,9.619717180000e-01,2.000000000000e+00
9.515863220000e-01,5.355700100000e-02,2.233485510000e-01,0.000000000000e+00
6.189266760000e-01,8.855466110000e-01,1.236228820000e-01,4.000000000000e+00
7.904235310000e-01,2.786668590000e-01,5.013547770000e-01,0.000000000000e+00
3.861291400000e-02,8.682351020000e-01,2.888261160000e-01,1.000000000000e+00
4.888599590000e-01,4.780540330000e-01,7.000271590000e-01,2.000000000000e+00
8.628048940000e-01,1.159155900000e-02,7.503818810000e-01,2.000000000000e+00
9.940708850000e-01,9.541132160000e-01,9.688862160000e-01,3.000000000000e+00
4.529664610000e-01,9.851852620000e-01,4.025565590000e-01,4.000000000000e+00
1.632041730000e-01,1.881995160000e-01,3.522058270000e-01,0.000000000000e+00
1.585090800000e-01,5.051825710000e-01,5.831698320000e-01,1.000000000000e+00
1.357798260000e-01,4.090877680000e-01,2.382001960000e-01,1.000000000000e+00
6.433851440000e-01,8.615406300000e-01,1.453833600000e-01,4.000000000000e+00
5.023396500000e-01,5.446629550000e-01,9.923057720000e-01,3.000000000000e+00
2.084353850000e-01,3.195083200000e-02,6.142436500000e-02,0.000000000000e+00
8.664782530000e-01,3.914569210000e-01,5.114630880000e-01,3.000000000000e+00
4.937369000000e-01,2.166838380000e-01,6.818386900000e-01,2.000000000000e+00
6.352776830000e-01,2.649631250000e-01,8.285699560000e-01,2.000000000000e+00
5.703679700000e-01,1.990892080000e-01,9.472619010000e-01,2.000000000000e+00
6.228496360000e-01,5.548986860000e-01,3.004444810000e-01,4.000000000000e+00
1.481502520000e-01,7.931951050000e-01,9.585264900000e-01,1.000000000000e+00
1.186437760000e-01,3.755218160000e-01,1.278171040000e-01,0.000000000000e+00
7.586723060000e-01,9.281205070000e-01,1.478430910000e-01,4.000000000000e+00
9.889024960000e-01,3.053781050000e-01,2.746036800000e-02,0.000000000000e+00
1.013914220000e-01,1.871402330000e-01,6.667437570000e-01,2.000000000000e+00
7.426224910000e-01,9.136977280000e-01,5.389233830000e-01,4.000000000000e+00
9.325032300000e-02,8.334281400000e-02,2.530418570000e-01,0.000000000000e+00
7.695907810000e-01,9.991462000000e-01,4.386125480000e-01,4.000000000000e+00
7.293714790000e-01,3.047700860000e-01,7.325773890000e-01,2.000000000000e+00
3.098549880000e-01,2.313281580000e-01,9.070153780000e-01,2.000000000000e+00
3.570434640000e-01,2.919816070000e-01,2.104716060000e-01,0.000000000000e+00
3.108678980000e-01,3.108311320000e-01,2.130547900000e-02,0.000000000000e+00
9.971625100000e-02,7.439953520000e-01,8.926369080000e-01,1.000000000000e+00
4.150830800000e-01,1.543863400000e-02,2.572512950000e-01,0.000000000000e+00
5.344220400000e-01,5.529405740000e-01,9.117593330000e-01,3.000000000000e+00
6.687581700000e-02,5.196433910000e-01,6.832398950000e-01,1.000000000000e+00
9.602285580000e-01,6.378604560000e-01,5.646638280000e-01,3.000000000000e+00
1.666671970000e-01,2.821135950000e-01,9.095734380000e-01,2.000000000000e+00
4.000637290000e-01,6.297531130000e-01,3.149704430000e-01,1.000000000000e+00
7.089457450000e-01,1.678079310000e-01,8.681955580000e-01,2.000000000000e+00
3.719478380000e-01,7.497725290000e-01,9.133748870000e-01,3.000000000000e+00
3.642527030000e-01,7.193470380000e-01,9.689883960000e-01,3.000000000000e+00
5.659479980000e-01,4.731760300000e-01,8.485943230000e-01,3.000000000000e+00
9.630051030000e-01,8.634763600000e-01,2.133766550000e-01,4.000000000000e+00
1.097426500000e-02,1.154881070000e-01,9.186449350000e-01,2.000000000000e+00
5.792745250000e-01,7.481726580000e-01,1.955171010000e-01,4.000000000000e+00
5.474288600000e-02,8.956147300000e-02,3.551466700000e-01,0.000000000000e+00
3.529043970000e-01,1.774538170000e-01,4.856710730000e-01,0.000000000000e+00
8.654056800000e-01,4.555894910000e-01,3.258406820000e-01,4.000000000000e+00
8.262692850000e-01,7.420452070000e-01,8.367749690000e-01,3.000000000000e+00
7.548591300000e-02,4.462673360000e-01,1.347774880000e-01,1.000000000000e+00
1.231307730000e-01,1.069596400000e-01,3.190808310000e-01,0.000000000000e+00
3.533417130000e-01,2.509201250000e-01,9.458280400000e-01,2.000000000000e+00
9.341514160000e-01,6.411559870000e-01,3.325269010000e-01,4.000000000000e+00
1.830945960000e-01,9.757988920000e-01,5.126975230000e-01,1.000000000000e+00
9.315236420000e-01,5.257595010000e-01,6.706689300000e-02,4.000000000000e+00
1.710121360000e-01,5.816836930000e-01,6.037948250000e-01,1.000000000000e+00
4.897631760000e-01,5.619157280000e-01,8.866230620000e-01,3.000000000000e+00
4.278187280000e-01,2.279746830000e-01,4.620253020000e-01,0.000000000000e+00
5.932542100000e-02,7.262663710000e-01,6.924129840000e-01,1.000000000000e+00
7.702716640000e-01,7.435191410000e-01,1.179593070000e-01,4.000000000000e+00
1.078628960000e-01,5.525551720000e-01,5.922591450000e-01,1.000000000000e+00
4.450073880000e-01,4.630838900000e-02,6.949913700000e-01,2.000000000000e+00
5.648661600000e-02,3.701546020000e-01,4.985078790000e-01,1.000000000000e+00
3.477984830000e-01,5.413126220000e-01,4.495560300000e-01,1.000000000000e+00
1.637411000000e-02,7.777266540000e-01,3.466401240000e-01,1.000000000000e+00
9.187785010000e-01,2.472745770000e-01,9.316569040000e-01,3.000000000000e+00
4.683255780000e-01,5.520666530000e-01,2.333047270000e-01,4.000000000000e+00
5.588427140000e-01,3.011001900000e-01,2.375827060000e-01,0.000000000000e+00
5.204060650000e-01,3.966008450000e-01,6.276239040000e-01,2.000000000000e+00
4.271761500000e-01,5.596121300000e-01,3.127439840000e-01,1.000000000000e+00
4.381945400000e-02,6.063281800000e-02,1.682679290000e-01,0.000000000000e+00
1.514050470000e-01,2.764509130000e-01,3.853226920000e-01,0.000000000000e+00
8.645398940000e-01,2.031997070000e-01,8.650063070000e-01,2.000000000000e+00
8.661790180000e-01,6.497922480000e-01,3.696258230000e-01,4.000000000000e+00
5.661815080000e-01,1.550019490000e-01,7.517384140000e-01,2.000000000000e+00
2.219350600000e-02,2.625242660000e-01,3.784785910000e-01,1.000000000000e+00
8.358702820000e-01,4.368695140000e-01,4.398573070000e-01,4.000000000000e+00
5.450776500000e-01,8.257120440000e-01,4.250126380000e-01,4.000000000000e+00
1.801249590000e-01,2.841898030000e-01,5.932437500000e-02,0.000000000000e+00
9.130351700000e-01,6.596621030000e-01,2.199078100000e-02,4.000000000000e+00
6.889051200000e-02,8.571747420000e-01,2.459151380000e-01,1.000000000000e+00
1.462995910000e-01,2.282098000000e-01,9.923576950000e-01,2.000000000000e+00
2.794957660000e-01,8.742486500000e-02,5.327477660000e-01,2.000000000000e+00
9.573750300000e-02,1.072458680000e-01,1.907868010000e-01,0.000000000000e+00
2.769472160000e-01,5.370717120000e-01,6.541006890000e-01,1.000000000000e+00
1.073864600000e-02,4.067383800000e-01,4.796084790000e-01,1.000000000000e+00
4.203076840000e-01,9.473525670000e-01,1.782775240000e-01,4.000000000000e+00
1.081247740000e-01,1.272276340000e-01,2.780863710000e-01,0.000000000000e+00
1.895862900000e-01,5.872627040000e-01,6.918792800000e-01,1.000000000000e+00
8.147737270000e-01,2.202630540000e-01,7.250506000000e-03,0.000000000000e+00
9.481493790000e-01,5.726178080000e-01,9.397747410000e-01,3.000000000000e+00
1.504928950000e-01,9.700458890000e-01,9.792309090000e-01,1.000000000000e+00
9.975671080000e-01,8.970850060000e-01,5.731323830000e-01,3.000000000000e+00
3.977361100000e-02,5.176592570000e-01,3.179365840000e-01,1.000000000000e+00
9.157788910000e-01,5.989127520000e-01,5.414059620000e-01,3.000000000000e+00
8.185721200000e-02,9.945153850000e-01,2.612606360000e-01,1.000000000000e+00
